[

    {
        "id": "0",
        "intent": "getTip",
        "text": "Hier ein Tipp wie du mich benutzen kannst.",
        "tags": [
            "Suche doch nach \"Beratungsleistungen von mayato\".",
            "Suche doch nach \"News oder Veröffentlichungen von mayato\".",
            "Suche doch nach \"Management von mayato\"",
            "Suche doch nach \"Case Studies\", um einen Einblick von unseren Projekten zu bekommen.",
            "Suche doch nach \"Software Systemen die bei mayato eingesetzt werden\"",
            "Suche doch nach \"Kunden für die mayato schon Projekte umgesetzt hat\""
        ]
    },

    {
        "id": "1",
        "intent": "getServiceInformation",
        "entity": "Customer Analytics",
        "title": "",
        "text": [
            "Wir unterstützen Sie im Bereich Media Analytics, Customer Analytics, Customer Prediction oder Social Medial Analytics"
        ],
        "tags": [
            "Media Analytics",
            "Customer Analytics Strategy",
            "Customer Prediction",
            "Social Media Analytics",
            "Feedback Analytics"
        ]
    },



    {
        "id": "2",
        "intent": "getServiceInformation",
        "entity": "Data Science",
        "title": "",
        "text": [
            "mayato bietet Ihnen brandaktuelles Wissen und optimale Lösungen zur weiterführenden und zukunftsgerichteten Analyse Ihrer Datenbestände",
            "Mit mayato finden Sie heraus",
            "Welche Marken oder Produkte im Trend liegen. \n\n Wie zufrieden die Anwender sind. \n\n Wie bekannt ihr Unternehmen ist."
        ],
        "tags": [
            "Data Mining",
            "Text Mining"
        ]

    },

        {
        "id": "4",
        "intent": "getServiceInformation",
        "entity": "Industry Analytics",
        "title": "",
        "text": [
            "Mayato hilft Ihnen, Sensordaten, Wartungsberichten, Productions- und Reperaturhistorien zu analysieren und auszuwerten. Mayato besitzt langjährige Erfahrung im Aufbau von Big-Data-Architekturen un in der Analyse großer komplexer Datenmengen",
            "Wir helfen Ihnen Fragen wie  welche Maschine oder welches Bauteil ausfallen wird? Und warum dieses Bauteil Probleme machen wird?"
        ],
        "video": "https://youtu.be/Q-TaWcPlOTU"
        },
    {
        "id": "5",
        "intent": "getServiceInformation",
        "entity": "IT Operations Analytics",
        "title": "",
        "text": [
            "Operational Analytics lernt aus dem Verhalten und Ereignissen in Ihrer IT-Infrastruktur und kann so den Ausfall einzelner Komponenten ihrer IT-Infrastruktur vorhersagen. \n\n Dies ermöglicht präventive Maßnahmen, reduziert Ausfallzeiten signifikant und verringert das Vorhalten teurer Reservekomponenten. ",
            "Security Analytics kombiniert vorhandene Daten mit dem Log Management und vorhandenen SIEM Lösungen (Security Information and Event Management), der Netzwerküberwachung und threat detection mit dem Ziel, sicherheitsrelevante Vorfälle zu minimieren und präventiv und zeitnah zu (re-)agieren."
        ],
        "video": "https://youtu.be/6D9VZ70Lk-c"
    },

    {
        "id": "6",
        "intent": "getServiceInformation",
        "entity": "Financial Analytics",
        "title": "",
        "text": [
            "Wie lässt sich die Unternehmensentwicklung zielsicher planen? Ist beispielsweise eine Investition sinnvoll?",
            "In welchem Umfang können Kosten gespart werden. Unsere Lösungen für Performance Analytics sind eine einzigartige Kombination bewährter Analyse- und Planungswerkzeuge",
            "Mit unserem Lösungskonzept Financial Analytics erzielen unsere Kunden massive Wettbewerbsvorteile.",
             "Die Methodik beruht auf der Analyse kaufmännischer Daten, der Erkennung bisher unbekannter Zusammenhänge und der Vorhersage zukünftiger Entwicklungen mit Hilfe moderner Prognoseverfahren."
        ]
    },
    {
        "id": "7",
        "intent": "getServiceInformation",
        "entity": "Technology",
        "title": "",
        "text":[ 
            "mayato hilft Ihnen und Ihrer IT, eine Gesamtstrategie und die richtige Organisation für Business Intelligence und Analytics zu entwerfen."
        ]
    },

    {
        "id": "8",
        "intent": "getServiceInformation",
        "entity": "Media Analytics",
        "title": "",
        "text": [
            "Wir können durch unseren eigenen, vielfach erprobten Analyseansatz unterschiedlichste Online- und Offlinedaten kombiniert auswerten und grafisch eingängig visualisieren.",
            "So lassen sich bisher unbekannte Zusammenhänge aufzeigen, der Werbeerfolg einzelner Produkte vorhersagen und die Voraussetzungen für eine effiziente Mediaplanung schaffen."
        ],
        "video": "https://youtu.be/huWHYiRB8Co"
    },

    {
        "id": "9",
        "intent": "getServiceInformation",
        "entity": "Customer Analytics Strategy",
        "title": "",
        "text": [
            "Sie verfügen über Kundendatenbestände, in denen Sie wichtige Informationen vermuten, die aber bisher noch nicht ausgewertet werden oder die klassischem Reporting nicht zugänglich sind?",
            "Sie benötigen eine fundierte Einschätzung darüber, welche Fragestellungen sich mit modernen Analyseverfahren mit welchem Aufwand aus Ihren Daten beantworten lassen?",
            "Basierend auf unserer langjährigen Praxiserfahrung erarbeiten wir gemeinsam Ihre individuelle Customer-Analytics-Roadmap."]
 
    },

    {
        "id": "11",
        "intent": "getServiceInformation",
        "entity": "Customer Prediction",
        "title": "",
        "text": [
            "Folgende Fragen haben wir bereits für zahlreiche kleine und große Unternehmen aus unterschiedlichsten Branchen beantwortet:", 
            "Welche Produkte sollte ich wann welchen Kunden bevorzugt anbieten?",
            "Welcher Ansprachekanal ist für welche Kunden wann am Erfolg versprechendsten?",
            "Welche Kunden werden voraussichtlich wann abwandern?"
        ]

    },

    {
        "id": "12",
        "intent": "getServiceInformation",
        "entity": "Social Media Analytics",
        "title": "",
        "text": [
            "Social Media Analytics erlaubt beispielsweise die folgenden Fragestellungen:", 
            "Welche Marken, Produkte oder Themen liegen im Trend?",
            "Wie zufrieden sind die Anwender? (Sentimentanalyse)"
        ]

    },

    {
        "id": "13",
        "intent": "getServiceInformation",
        "entity": "Feedback Analytics",
        "title": "",
        "text": [
            "Mit Hilfe von Textmining können die enthaltenen Informationen - Themen, Stimmungen, Trends oder Vorschläge - strukturiert und ausgewertet werden.", 
            "Erkennen Sie die Themen, die Ihren Kunden am Herzen liegen", "Erkennen Sie die Stimmungen (Tonalität), die in den Nachrichten enthalten sind"
        ]

    },

    {
        "id": "14",
        "intent": "getServiceInformation",
        "entity": "Feedback Analytics",
        "title": "",
        "text": [
            "Mit Hilfe von Textmining können die enthaltenen Informationen - Themen, Stimmungen, Trends oder Vorschläge - strukturiert und ausgewertet werden.", 
            "Erkennen Sie die Themen, die Ihren Kunden am Herzen liegen", "Erkennen Sie die Stimmungen (Tonalität), die in den Nachrichten enthalten sind"
        ]
    },

    {
        "id": "15",
        "intent": "getServiceInformation",
        "entity": "Data Mining",
        "title": "",
        "text": [
            "Unsere erfahrenen Data Scientists begleiten Sie gerne bei folgenden Aufgaben die für Data Mining charakteristisch sind:",
            "Prognosemodellierungen und Klassifikationen",
            "Clustering und Segmentierungen",
            "Anomalien- und Ausreißeranalysen"
        ]
    },

    {
        "id": "10",
        "intent": "getServiceInformation",
        "entity": "Text Mining",
        "title": "",
        "text": [
            "Auch in Texten stecken viele wertvolle Informationen für ein Unternehmen. Um gezielt Daten zu erheben und unstrukturierte Daten auszuwerten wird Text Mining eingesetzt. \n\n Typische Anwendungen sind dabei:",
            "Social Media Analysen und Sentiment-/Tonalitätsanalysen",
            "Textklassifikation, automatische Verschlagwortun und Automatische Textzusammenfassung",
            "Auswertung von Feedbackfeldern/Freitextfeldern und Vorklassifizierung von E-Mails "
        ]
    },







    {
        "id": "1001",
        "intent": "getContactPerson",
        "name": "Peter Neckel",
        "job": "Manager",
        "text":"Senior Consultant für die Bereiche Customer Analytics, Media Analytics und Customer Prediction",
        "phone": "+49/30 4174 4270 10",
        "email": "peter.neckel@mayato.com",
        "image": "https://www.mayato.com/wp-content/uploads/2015/05/Mayato_Portrait_PN-300x200.jpg",
        "competence": [
            "Customer Analytics",
            "Media Analytics",
            "Customer Prediction"
        ]
    },
    {
        "id": "1002",
        "intent": "getContactPerson",
        "name": "Georg Heeren",
        "job": "Managing Director",
        "text":"Seit 2007 geschäftsführender Gesellschafter der mayato GmbH, Coach (SG) and Organisationsberater. Langjährige erfolgreiche Tätigkeit in einer Vielzahl von BI-Beratungsprojekten, Internationale Projektleitung als PMP in Europa, Asien, Nord- und Südamerika.",
        "phone": "+49/30 4174 4270 10",
        "email": "georg.heeren@mayato.com",
        "image": "http://www.mayato.com/wp-content/uploads/2015/05/Mayato_Portrait_GH.jpg",
        "competence": [
            "Financial Analytics",
            "Performance Analytics",
            "Strategie und Methodik",
            "Reporting, Planung und Analytics",
            "Datenanalysen mit SAS",
            "IT Security Analytics"
        ]
    },
    {
        "id": "1003",
        "intent": "getContactPerson",
        "name": "Sven Hensen",
        "job": "Managing Director",
        "text":"Seit 2007 geschäftsführender Gesellschafter der mayato GmbH. Über 20 Jahre Erfahrung in der Konzeption und Umsetzung von Strategien und Architekturen für BI & Analytics im internationel Umfeld.",
        "phone": "+49/30 4174 4270 10",
        "email": "sven.hensen@mayato.com",
        "image": "http://www.mayato.com/wp-content/uploads/2015/05/Mayato_Portrait_SH.jpg",
        "competence": [
            "IT Operations Analytics",
            "Industry Analytics"
        ]
    },

    {
        "id": "1004",
        "intent": "getContactPerson",
        "name": "Dr. Marcus Dill",
        "job": "Managing Director",
        "text":"Seit 2007 geschäftsführender Gesellschafter der mayato GmbH. Mehr als zwei Jahrzehnte Erfahrung als Softwareentwickler, Berater, Architekt und Projektleiter. Experte für BI, Analytics, Technologie und Big Data.",
        "phone": "+49/30 4174 4270 10",
        "email": "marcus.dill@mayato.com",
        "image": "https://www.mayato.com/wp-content/uploads/2016/07/CEO-Dr.-Marcus-Dill_300dpi.jpg",
        "competence": [
            "Data Science",
            "DWH und Big Data",
            "Datenanalysen mit SAP",
            "Social Media Analytics",
            "Feedback Analytics",
            "Data Mining",
            "Text Mining"
        ]
    },

    {
        "id": "1005",
        "intent": "getContactPerson",
        "name": "Nils-Henrik Wolf",
        "job": "Managing Director",
        "text":"Seit 2013 Geschäftsführer der mayato AT GmbH mit Sitz in Wien. Arrivierter Kenner analytischer Lösungen mit Fokus auf Analytics, Risikomanagement und Banken.",
        "phone": "+43 1 93087 3072",
        "email": "nils-henrik.wolf@mayato.com",
        "image": "https://www.mayato.com/wp-content/uploads/2015/05/Mayato_Portrait_NHW.jpg"
    },



    {
        "id": "2001",
        "intent": "getCaseStudies",
        "title": "Erfolgsmessung im Kampagnenmanagement",
        "company": "",
        "text": "Steigerung der Kampagnenrentabilität durch zielgruppenspezifische Kundenansprache",
        "industry": "",
        "solution": "Customer Analytics", 
        "image": "https://www.prmitteilung.de/sites/default/files/field/image/mayato-logo-72dpi.jpg",
        "url": "https://www.mayato.com/wp-content/uploads/2015/03/CaseStudy_Kampagnenerfolgsmessung_Handel1.pdf",
        "date": "2016",
        "tag": [
            "Customer Analytics",
            "Reporting"
        ]
    },

    {
        "id": "2002",
        "intent": "getCaseStudies",
        "title": "In-Database-Analytics mit Exasol: Big-Data-Potentiale im E-Commerce nutzen",
        "company": "",
        "text": "Automatisierte Auswertung von Daten aus dem Webshop",
        "industry": "",
        "solution": "Customer Analytics",
        "image": "https://www.prmitteilung.de/sites/default/files/field/image/mayato-logo-72dpi.jpg",
        "url": "https://www.mayato.com/wp-content/uploads/2017/05/2017_05_Case-Study_Technologie-Exasol_Talend_BigData.pdf",
        "date": "2016",
        "tag": [
            "Customer Analytics"
        ]
    },

        {
        "id": "2003",
        "intent": "getCaseStudies",
        "title": "Customer Relationship Analytics: Konzeption & Erstellung einer Kundensegmentierung im Einzelhandel",
        "company": "",
        "text": "",
        "industry": "",
        "solution": "Customer Analytics", 
        "image": "https://www.prmitteilung.de/sites/default/files/field/image/mayato-logo-72dpi.jpg",
        "url": "https://www.mayato.com/wp-content/uploads/2015/03/CaseStudy_CRA_Handel.pdf",
        "tag": [
            "Customer Analytics",
            ""
        ]
    },

    {
        "id": "2004",
        "intent": "getCaseStudies",
        "title": "Kundenmanagement im B2B Handel: Klassisches Reporting und Data Mining Verfahren als Basis für Loyalitätskonzepte",
        "company": "",
        "text": "Ziel: Bestimmung trennscharfer Segmentierungskriterien zur Typisierung des Einkaufsverhaltens",
        "industry": "",
        "solution": "Customer Analytics", 
        "image": "https://www.prmitteilung.de/sites/default/files/field/image/mayato-logo-72dpi.jpg",
        "url": "https://www.mayato.com/wp-content/uploads/2015/03/casestudy_kundenmanagement_im_b2b-handel.pdf",
        "date": "2016",
        "tag": [
            "Customer Analytics",
            ""
        ]
    },

        {
        "id": "2005",
        "intent": "getCaseStudies",
        "title": "Kündigeranalyse für eine Direktbank - mit dem Blick für das richtige Timing",
        "company": "",
        "text": "Ziel: Zuverlässige, frühzeitige und zeitpunktgenaue Erkennung abwanderungsgefährdeter Kunden",
        "industry": "",
        "solution": "Customer Analytics", 
        "image": "https://www.prmitteilung.de/sites/default/files/field/image/mayato-logo-72dpi.jpg",
        "url": "https://www.mayato.com/wp-content/uploads/2016/03/2016_04_Case-Study_Customer-Analytics-K%C3%BCndigeranalyse_Direktbank_DE.pdf",
        "date": "2016",
        "tag": [
            "Customer Analytics",
            "Data Mining",
            "Churn Management"
        ]
    },

            {
        "id": "2006",
        "intent": "getCaseStudies",
        "title": "Media Analytics - Werbewirkungsanalysen im crossmedialen Umfeld für 9flats",
        "company": "9flats.com",
        "text": "Ergebnis: Die Analyseergebnisse wurden als Planungsgrundlage für eine weitere TV-Werbekampagne mit einem Volumen von mehreren Millionen Euro genutzt.",
        "industry": "",
        "solution": "Customer Analytics", 
        "image": "https://www.prmitteilung.de/sites/default/files/field/image/mayato-logo-72dpi.jpg",
        "url": "https://www.mayato.com/wp-content/uploads/2015/03/9flats_success_story_final.pdf",
        "date": "2017",
        "tag": [
            "Customer Analytics",
            "Media Analytics"
        ]
    },

                {
        "id": "2007",
        "intent": "getCaseStudies",
        "title": "Anforderungsmanagement und Proof of Concept zur BI Werkzeugauswahl für das Sales Funnel Management und Customer Relationship Management",
        "company": "BMW Group",
        "text": "Ergebnis: Dokumentierte, systematische und damit für Management und IT nachvollziehbare Werkzeugbewertung",
        "industry": "",
        "solution": "Customer Analytics", 
        "image": "https://www.prmitteilung.de/sites/default/files/field/image/mayato-logo-72dpi.jpg",
        "url": "https://www.mayato.com/wp-content/uploads/2015/03/CaseStudy_BMW_BI-Toolauswahl.pdf",
        "date": "2017",
        "tag": [
            "Customer Analytics",
            "Business Intelligence"
        ]
    },

    
                {
        "id": "2009",
        "intent": "getCaseStudies",
        "title": "Media Analytics - Werbeerfolgsmessung im Mobile-App-Markt für JustBook",
        "company": "just book!",
        "text": "Ziel: Ermittlung von unmittelbaren Wirkungseffekten unter dem Aspekt Second Screen",
        "industry": "",
        "solution": "Customer Analytics", 
        "image": "https://www.prmitteilung.de/sites/default/files/field/image/mayato-logo-72dpi.jpg",
        "url": "https://www.mayato.com/wp-content/uploads/2015/03/justbook_success_story_final1.pdf",
        "date": "2017",
        "tag": [
            "Customer Analytics",
            "Media Analytics"
        ]
    },

        
    {
        "id": "2010",
        "intent": "getCaseStudies",
        "title": "Erfolg und Wirkung von TV-Werbung auf das Online-Business",
        "company": "twago",
        "text": "Ergebnis: Ermittlung exakter Wirkungszusammenhänge zwischen TV-Werbung und direkten New Visits",
        "industry": "",
        "solution": "Customer Analytics", 
        "image": "https://www.prmitteilung.de/sites/default/files/field/image/mayato-logo-72dpi.jpg",
        "url": "https://www.mayato.com/wp-content/uploads/2015/03/twago_Success_story_final1.pdf",
        "date": "2017",
        "tag": [
            "Customer Analytics",
            "Media Analytics"
        ]
    },

        {
        "id": "2011",
        "intent": "getCaseStudies",
        "title": "Passgenaues Direktmarketing: Zielgruppenoptimierung unter Berücksichtigung kundenindividueller Bedürfnisse durch Prognosemodellierung",
        "company": "twago",
        "text": "Ergebnis: Erhöhte Kreditabschlusszahlen durch kundenindividuelles Produktangebot",
        "industry": "",
        "solution": "Customer Analytics", 
        "image": "https://www.prmitteilung.de/sites/default/files/field/image/mayato-logo-72dpi.jpg",
        "url": "https://www.mayato.com/wp-content/uploads/2017/07/2017_07_Case-Study_Customer-Analytics-Konsumentenkreditmailings_DE.pdf",
        "date": "2017",
        "tag": [
            "Customer Analytics",
            "Predictive Analytics",
            "Data Mining"
        ]
    },




    


    {
        "id": "3001",
        "intent": "getCustomer",
        "customer": "BWM Group",
        "sector": "Automotive",
        "logo": "https://upload.wikimedia.org/wikipedia/commons/thumb/4/44/BMW.svg/125px-BMW.svg.png",
        "date": ""
    },

    {
        "id": "3002",
        "intent": "getCustomer",
        "customer": "Volkswagen AG",
        "sector": "Automotive",
        "logo": "https://upload.wikimedia.org/wikipedia/commons/thumb/a/a1/Volkswagen_Logo_till_1995.svg/170px-Volkswagen_Logo_till_1995.svg.png",
        "date": ""

    },

    {
        "id": "3003",
        "intent": "getCustomer",
        "customer": "Commerzbank",
        "sector": "Banken",
        "logo": "https://upload.wikimedia.org/wikipedia/commons/thumb/4/49/Commerzbank_%282009%29.svg/270px-Commerzbank_%282009%29.svg.png",
        "date": ""
    },

    {
        "id": "3004",
        "intent": "getCustomer",
        "customer": "Volkswagen Financial Services",
        "sector": "Banken",
        "logo": "?",
        "date": ""
    },

    {
        "id": "3005",
        "intent": "getCustomer",
        "customer": "Volkswagen Financial Services",
        "sector": "Banken",
        "logo": "https://upload.wikimedia.org/wikipedia/commons/thumb/1/15/Volkswagen_Financial_Services_logo.svg/200px-Volkswagen_Financial_Services_logo.svg.png",
        "date": ""
    },

    {
        "id": "3006",
        "intent": "getCustomer",
        "customer": "Intersport Deutschland",
        "sector": "Handel",
        "logo": "https://upload.wikimedia.org/wikipedia/de/thumb/f/f6/Intersport-Logo.svg/250px-Intersport-Logo.svg.png",
        "date": ""
    },

    {
        "id": "3007",
        "intent": "getCustomer",
        "customer": "Verlagsgruppe Weltbild",
        "sector": "Handel",
        "logo": "https://upload.wikimedia.org/wikipedia/commons/0/01/Logo_weltbild_de.gif",
        "date": ""
    },

    {
        "id": "3008",
        "intent": "getCustomer",
        "customer": "Bosch",
        "sector": "Industrie",
        "logo": "https://upload.wikimedia.org/wikipedia/commons/thumb/e/ee/Bosch-Logo.svg/250px-Bosch-Logo.svg.png",
        "date": ""
    },

    {
        "id": "3009",
        "intent": "getCustomer",
        "customer": "Siemens Healthcare",
        "sector": "Industrie",
        "logo": "https://upload.wikimedia.org/wikipedia/commons/thumb/7/79/Siemens_Healthineers_logo.svg/250px-Siemens_Healthineers_logo.svg.png" ,
        "date": ""
    },
    {
        "id": "3010",
        "intent": "getCustomer",
        "customer": "9flats.com",
        "sector": "Internet",
        "logo": "",
        "date": ""
    },

    {
        "id": "3011",
        "intent": "getCustomer",
        "customer": "twago",
        "sector": "Internet",
        "logo": "?",
        "date": ""
    },

    {
        "id": "3012",
        "intent": "getCustomer",
        "customer": "adidas",
        "sector": "Konsumgüter",
        "logo": "https://upload.wikimedia.org/wikipedia/commons/thumb/1/1c/Adidas-group-logo-fr.svg/244px-Adidas-group-logo-fr.svg.png",
        "date": ""
    },

    {
        "id": "3013",
        "intent": "getCustomer",
        "customer": "Nestle",
        "sector": "Konsumgüter",
        "logo": "https://upload.wikimedia.org/wikipedia/commons/thumb/7/75/Old_Nestl%C3%A9_logo.svg/200px-Old_Nestl%C3%A9_logo.svg.png",
        "date": ""
    },

    {
        "id": "3014",
        "intent": "getCustomer",
        "customer": "Bayer",
        "sector": "Pharma",
        "logo": "https://upload.wikimedia.org/wikipedia/commons/thumb/a/aa/Logo_der_Bayer_AG.svg/125px-Logo_der_Bayer_AG.svg.png",
        "date": ""
    },

    {
        "id": "3012",
        "intent": "getCustomer",
        "customer": "Volkswagen Financial Services",
        "sector": "Banken",
        "logo": "https://upload.wikimedia.org/wikipedia/commons/thumb/1/15/Volkswagen_Financial_Services_logo.svg/200px-Volkswagen_Financial_Services_logo.svg.png",
        "date": ""
    },

    {
        "id": "3013",
        "intent": "getCustomer",
        "customer": "Allianz SE",
        "sector": "Versicherungen",
        "logo": "https://upload.wikimedia.org/wikipedia/commons/thumb/4/4b/Allianz.svg/250px-Allianz.svg.png",
        "date": ""
    },

    {
        "id": "3014",
        "intent": "getCustomer",
        "customer": "ERGO",
        "sector": "Versicherungen",
        "logo": "https://upload.wikimedia.org/wikipedia/commons/thumb/8/80/ERGO_Kindlustusgrupi_logo.svg/250px-ERGO_Kindlustusgrupi_logo.svg.png",
        "date": ""
    },

    {
        "id": "4001",
        "intent": "getSoftwareSystems",
        "name": "Tableau",
        "description": "",
        "image": "https://www.mayato.com/wp-content/uploads/2015/04/Tableau-300x62.png",
        "date": ""
    },

    {
        "id": "4002",
        "intent": "getSoftwareSystems",
        "name": "Exasol",
        "description": "",
        "image": "http://www.mayato.com/wp-content/uploads/2015/04/Exasol.jpg",
        "date": ""
    },

    {
        "id": "4003",
        "intent": "getSoftwareSystems",
        "name": "Graphomate",
        "description": "",
        "image": "http://www.mayato.com/wp-content/uploads/2015/04/graphomate_logo_2014.png",
        "date": ""
    },

    {
        "id": "4004",
        "intent": "getSoftwareSystems",
        "name": "IBM",
        "description": "",
        "image": "http://www.mayato.com/wp-content/uploads/2015/04/ibm.jpg",
        "date": ""
    },

    {
        "id": "4005",
        "intent": "getSoftwareSystems",
        "name": "Informatica",
        "description": "",
        "image": "http://www.mayato.com/wp-content/uploads/2015/04/Informatica.jpg",
        "date": ""
    },

    {
        "id": "4006",
        "intent": "getSoftwareSystems",
        "name": "kxen",
        "description": "",
        "image": "http://www.mayato.com/wp-content/uploads/2015/04/KXEN.jpg",
        "date": ""
    },

    {
        "id": "4007",
        "intent": "getSoftwareSystems",
        "name": "Rapidminer",
        "description": "",
        "image": "http://www.mayato.com/wp-content/uploads/2015/04/rapidminer_partner_logo_systems-integrator.jpg",
        "date": ""
    },

    {
        "id": "4008",
        "intent": "getSoftwareSystems",
        "name": "SAP",
        "description": "",
        "image": "http://www.mayato.com/wp-content/uploads/2015/04/SAP.jpg",
        "date": ""
    },

    {
        "id": "4009",
        "intent": "getSoftwareSystems",
        "name": "SAS",
        "description": "",
        "image": "https://www.mayato.com/wp-content/uploads/2015/11/mayato-SAS-Gold-Partner-Logo-300x84.jpg",
        "date": ""
    },

    {
        "id": "4010",
        "intent": "getSoftwareSystems",
        "name": "Yellowfin",
        "description": "",
        "image": "https://www.mayato.com/wp-content/uploads/2015/05/YF_LOGO_RGB-300x81.jpg",
        "date": ""
    },

    {
        "id": "4011",
        "intent": "getSoftwareSystems",
        "name": "Talend",
        "description": "",
        "image": "https://www.mayato.com/wp-content/uploads/2015/06/talend-300x107.jpg",
        "date": ""
    },

    
    {
        "id": "4012",
        "intent": "getSoftwareSystems",
        "name": "StatSoft",
        "description": "",
        "image": "http://www.mayato.com/wp-content/uploads/2015/04/StatSoft.jpg",
        "date": ""
    },

    {
        "id": "4013",
        "intent": "getSoftwareSystems",
        "name": "Theobald",
        "description": "",
        "image": "https://www.mayato.com/wp-content/uploads/2015/06/theobald_logo-2-300x153.png",
        "date": ""
    },


    {
        "id": "5001",
        "intent": "getNews",
        "title": "Chatbots - Das Geheimnis ihres Erfolgs",
        "text": "Als Markenbotschafter, Kundenbetreuer und persönliche Assistenten erobern Chatbots die digitale Welt. 1966 entwickelte Joseph Weizenbaum ...",
        "image": "https://www.mayato.com/wp-content/uploads/2017/10/mayato-chatbots-entwicklung.jpg",
        "url": "https://www.cio.de/a/chatbots-was-unternehmen-wissen-muessen,3563697",
        "date": "2017/10/19"
    },

    {
        "id": "5002",
        "intent": "getNews",
        "title": "mayato baut SAP-Beratung strategisch aus: Eric Niedling wird neuer Bereichsleiter",
        "text": "Eric Niedling übernimmt ab sofort die Führung des SAP-Bereichs bei mayato. Gemeinsam mit dem Business Solution Temas wird der international erfahrene Manager ...",
        "image": "https://www.mayato.com/wp-content/uploads/2017/10/eric-niedling-mayato-150x150.jpg",
        "url": "https://www.mayato.com/wp-content/uploads/2017/10/2017_10_Eric-Niedling-SAP-Bereichsleiter-mayato.pdf",
        "date": "2017/10/05"
    },

    {
        "id": "5003",
        "intent": "getNews",
        "title": "Wie ergänzen sich BW/4Hanna and SAP HANA",
        "text": "Seit der Einführung ihres ersten Business Warehouse Systems BIW 1.2A vor 20 Jahren, entwickelte SAP ...",
        "image": "https://www.mayato.com/wp-content/uploads/2017/10/BW4HANA-Native-mixed-scenario-c-mayato-768x432.jpg",
        "url": "https://www.it-daily.net/it-management/erp-sap/16992-wie-ergaenzen-sich-bw-4hana-und-sap-hana",
        "date": "2017/10/23"
    }




]